<?xml version="1.0" encoding="UTF-8" standalone="no"?>
<BlockMap xmlns="http://schemas.microsoft.com/appx/2010/blockmap" HashMethod="http://www.w3.org/2001/04/xmlenc#sha256"><File Name="assets\atlasses\CharAssets.json" Size="49823" LfhSize="61"><Block Hash="rpmt+mTykXg1mYC3Oc2nekrB4qd0qAnsQlZ9RyAP4k4=" Size="2310"/></File><File Name="assets\atlasses\CharAssets.png" Size="732103" LfhSize="60"><Block Hash="U2xUp/TPgsT/jZU+0O26s13uzqojV5Rr2C5aBvnRyuM="/><Block Hash="1a8iRRFdMeqnzo7Jj7hsUfhroLBeVrjINVg34recluU="/><Block Hash="yq/z3BmgwVKOtPAy/0jOTXuRSK2W6hW848mwQeDNDE8="/><Block Hash="KRpdoNrWoqep7qEBE/LA7mME9ljb11okbj10BM9bwJM="/><Block Hash="0t0oLwCK6gRF8o+gJRzLfqXBurS4Ep/hmDoMPCvGrH0="/><Block Hash="hNFoUW7eToaERoITLP0B8xs1spgbyTWdXLSJlt4nf6c="/><Block Hash="7GDbDuexyMqsDBh00u0Xvj6i1g3R15z4ukxXWhurj4E="/><Block Hash="r36EVQulBPyZOezviO6mPKCYoHKa6oj8sMB7EN4BH44="/><Block Hash="w569gtt+n8fy4wtE2i7rxX5VhWfLw0SSXORRGa77puI="/><Block Hash="03Em6DDMegpNdUTUhUNrpq1n1hc4VoDeKh5E2zVRgoo="/><Block Hash="qEsj5Qn2F70lIW9gGSPZ6ephAkWaBsuHFPGmQjVi68A="/><Block Hash="zTlLOE7sQbeXfsa1OFDPDAnxdMITPbPB4mLooW7Awps="/></File><File Name="assets\atlasses\GroundAssets.json" Size="67889" LfhSize="63"><Block Hash="8cQYNMEgspvl8zNmynhfSc764KuzWZqixV9Jtzl1hW8=" Size="2592"/><Block Hash="ImMUOg3y/2KhZtT41stSvXKsAMjx/WDMRNaqSqqIUGE=" Size="325"/></File><File Name="assets\atlasses\GroundAssets.png" Size="94956" LfhSize="62"><Block Hash="GC2CEDM50whNsAgfWByOlhsSYdWifF/VfF2ldjrDfzU="/><Block Hash="1lUgpZDhYAn8HYrFT6G/Tixst7pGXvIrQnnwv5ZNXbk="/></File><File Name="assets\atlasses\MechAssets.json" Size="33616" LfhSize="61"><Block Hash="WMWkeTEuqYyDy7DZTVfKqgi+GacAr0duPjNrIyo5ZIQ=" Size="2231"/></File><File Name="assets\atlasses\MechAssets.png" Size="483809" LfhSize="60"><Block Hash="YhJECGUmKBKHcKMVUhzWO3SHZDCIkVXnAaW+FT4+vRc="/><Block Hash="kSA+lLgYIfVC8anib4/HOAnzGMDP12V5EumeSHe9Ib8="/><Block Hash="7eFSypUNi9UsGMOvizC+fXXqqSZJzJLyH/kMqKVuWco="/><Block Hash="s9019ZZfHUyUIZvSfKmN0agojcvn6yTkbZRN+3ZmwRs="/><Block Hash="vgw5a1WTkmIoFidu6awgbqSfWzOSf4laT63AbR10taE="/><Block Hash="h6SL/eN40JV75asKrsjZJQJziX2bufijpMQMvEyGtso="/><Block Hash="+jpc0WjL5AcR+eop050m3+F5A/KMuJmXnoUzD0GDSw0="/><Block Hash="8dKm5m5UbkXtBMkJW0+hVwJJBeUurlleIMdUCkTM6gk="/></File><File Name="assets\atlasses\MenuAssets.json" Size="12551" LfhSize="61"><Block Hash="DtlXhB46EBRrA53pg85NDxzKfG3XKhqEJtKQEVeU2sE=" Size="1094"/></File><File Name="assets\atlasses\MenuAssets.png" Size="195797" LfhSize="60"><Block Hash="3z7YnafQ0XbUkDjKK4WRRgLDwxXGtBTScudXctgFuEY="/><Block Hash="PMtqX363JGu2G9eZZWRdPmJQYV4E0JFOVa/IzhML2xM="/><Block Hash="SlCk+SaOToWtI/CJXTx0IJqGZjkWVbDinlCFCjVsDJM="/></File><File Name="assets\atlasses\MenuBackgrounds.json" Size="1192" LfhSize="66"><Block Hash="XAcPanL+PRPDNvCsgTARaE6SstrXO4tbo9GjJkfw+W8=" Size="353"/></File><File Name="assets\atlasses\MenuBackgrounds.png" Size="51516" LfhSize="65"><Block Hash="sqDAATogCVKZMDobKogsmwmZqhqa6CWBKM5zYtuZUZ0="/></File><File Name="assets\atlasses\PopupAssets.json" Size="23232" LfhSize="62"><Block Hash="y0wA9qHATllQMr+R4cCSQ+61SJtIBhWGvNIWLqLuIEI=" Size="1377"/></File><File Name="assets\atlasses\PopupAssets.png" Size="342136" LfhSize="61"><Block Hash="m5ZODQ7tHrq4Fb7qzrS9sRBcpYjwYzgTVhX0tRZQgA8="/><Block Hash="mnTbDc7WehXS52VlhgP4GYGVnEnx+fbBGoXXEN7bY8g="/><Block Hash="G199d3YV8bvuSa2NGCoFDlwhq9rnIdnj+oYAkCAA4W0="/><Block Hash="Ea6JoQ1cbDVDNjVH0qiOx6Z/t4jV8KZj0XpQW1DDprc="/><Block Hash="FW+8WxPQeGIULXp7QQIyHEPu/jgQpruW4KSzex8WgHM="/><Block Hash="Fvnx8un84GAgLAbPnscelZpbWvLfvtnaUNotZfEnSAA="/></File><File Name="assets\atlasses\PreloaderAssets.json" Size="776" LfhSize="66"><Block Hash="qKQQOaacCyMMR9NP7AuPv7r2rfzkurxzr8OE6ddbXfQ=" Size="281"/></File><File Name="assets\atlasses\PreloaderAssets.png" Size="33756" LfhSize="65"><Block Hash="YnciEfDZotIt+emNzhfDE/QZfe8j9G/+Qzb5wI7V1lk="/></File><File Name="assets\atlasses\Temples\forest\TempleAssets.json" Size="12337" LfhSize="78"><Block Hash="Z5gbP+wiPFYq0V/L0SPk2RgYarAqf3TqLKjupK6Hrm4=" Size="911"/></File><File Name="assets\atlasses\Temples\forest\TempleAssets.png" Size="287591" LfhSize="77"><Block Hash="uDjrs/18pTPHskHjR43dHuqGQIbywTAGdrlZ7vXWh0M="/><Block Hash="ohOj9oQeOOjg0ae3Ot/AoStBn5hkdDRCvbP+UUBWbzA="/><Block Hash="VQz3gb3F8Aku8l09O46zKfSE+QCuERgLxE+uyIbK9PM="/><Block Hash="1W+6XzVKzNzeFAePNf/afcQCtwwxDZP29nsfPIWRe5Y="/><Block Hash="t6gSWft+DWyO0kCbFsmzZhWY3wef1GzfPvSVAkqNi8A="/></File><File Name="assets\audio\CharToggle1.mp3" Size="10971" LfhSize="58"><Block Hash="XR07zkImFIEgtpFm7yKjd0hkz0VmBNGOKrowh/Qz+mE="/></File><File Name="assets\audio\CharToggle2.mp3" Size="10971" LfhSize="58"><Block Hash="/BBi3PR4XLNku6eHe48INpNjE64irW6hv3pBMIWQjWA="/></File><File Name="assets\audio\Clock.mp3" Size="183901" LfhSize="52"><Block Hash="OL0fFjbSMdm6MATHimyMyl0suQD9Rjsk85+qR1DPfC8="/><Block Hash="mRf8Jr608XDPFZGd0m9I5G3M67LnwyiQIy9kb9xBVoo="/><Block Hash="tFyUcx6WbTrJ2tEz+Fh8sozeNcivHeKdn/0NPLvsLJ0="/></File><File Name="assets\audio\Death.mp3" Size="15673" LfhSize="52"><Block Hash="4GMKk1Bw9/aosrRtVmEK29OjUd470yrvXR/9oaP7aYc="/></File><File Name="assets\audio\Diamond.mp3" Size="8776" LfhSize="54"><Block Hash="pM0WwZqpd7z1Ppmq6EvX1ZPVIaw3sRlSnVUDhYPAkLA="/></File><File Name="assets\audio\Door.mp3" Size="28800" LfhSize="51"><Block Hash="LN5Z9SGRoNa1xbtG0ukpNAOKTsepqr8jXkvpu9lj/ts="/></File><File Name="assets\audio\EndDiamond.mp3" Size="33436" LfhSize="57"><Block Hash="UbtPkhJ0CoA1VXtfdM4kCbqn6+mv9hcgaLC9BZiqg5s="/></File><File Name="assets\audio\EndFail.mp3" Size="9403" LfhSize="54"><Block Hash="eXerKN/NpPdW9PQ9FNLyi4YQTB7khfRxiZ4Z0H5dBJA="/></File><File Name="assets\audio\EndPass.mp3" Size="9403" LfhSize="54"><Block Hash="eXerKN/NpPdW9PQ9FNLyi4YQTB7khfRxiZ4Z0H5dBJA="/></File><File Name="assets\audio\Freeze.mp3" Size="22588" LfhSize="53"><Block Hash="VHRBBJV/kt4f54VJRCBmVgeWYOh2xvrfEx9+PcOKqNM="/></File><File Name="assets\audio\IceSteps_fb.mp3" Size="3744" LfhSize="58"><Block Hash="YNGmTPtrfrlL1XdpfHpbWy7w5A/OsXFnESiv5plUkug="/></File><File Name="assets\audio\IceSteps_wg.mp3" Size="3640" LfhSize="58"><Block Hash="AnqA4kxAaqMbWgTzOhTYXHCcmuCL13mU4YX+RSf77lU="/></File><File Name="assets\audio\Jump_fb.mp3" Size="5224" LfhSize="54"><Block Hash="hjOjCw0AX1SBMXbOg7UPk7MHvcrAcksh7VhhIjiGnxY="/></File><File Name="assets\audio\Jump_wg.mp3" Size="9360" LfhSize="54"><Block Hash="BKitZVPCcltR+DMGvG0IbVAc0xu4lZf5y4Ne1TG1H0Q="/></File><File Name="assets\audio\LevelMusicFinish.mp3" Size="167617" LfhSize="63"><Block Hash="0c8qEh47AS1KAAU/oqVuwnPktVDaCV2MEQqTAw8H4mM="/><Block Hash="qGVC5VsV7X4Hgoudzj8byn6r8sJ1OHzFNO0wQcGntRA="/><Block Hash="RPrYPZp/PP6VraLvi5btiFos5QtlpHQvZNO35NZBrO8="/></File><File Name="assets\audio\LevelMusicFinish_speed.mp3" Size="70530" LfhSize="69"><Block Hash="cMfKL2/FW4sge/MxRN2PZlYX8u4cY+QWFNv/Up6Ok5k="/><Block Hash="7aCGe50mf7tklmVwUh2Sn3tQkuYngsKH6dmBdmBs57U="/></File><File Name="assets\audio\LevelMusicOver.mp3" Size="163438" LfhSize="61"><Block Hash="qY0gtWwof0LH7QfKWHUkNs+AwAVFtPvPS/B0fDqD2v0="/><Block Hash="lNfF6opqexUPb8YMYgX21y52RC8vQcdjzL9/A8Uxvss="/><Block Hash="inFzUmB4C8ws84pPAmipnaQ0X0Xxr+9Aj1x6BXOn6X4="/></File><File Name="assets\audio\LevelMusic_dark.mp3" Size="481698" LfhSize="62"><Block Hash="XhMCsjwCnEf4z5rhceuRxPEaBrHPw2HSKjIvVCmpJY4="/><Block Hash="Mdm3p7FwFyyBP050nHSWUJb6jhAHcr3rFoC6CGeTgk4="/><Block Hash="JMG8fGVaMcVj5DyWeokMtdbKQr+y2afJ05mKm3kxB/A="/><Block Hash="Mw5vXOzpXTNsjZiZSM2fRmtg8yOgfTQQLJVXfi/mOiU="/><Block Hash="q9+TxQnHdaIKL5+ET9MuCYluKg/TH/4p/gYj0XsMKKk="/><Block Hash="t1ppS5r1P8U86Z3Y9iDeJBzudMCvbXyzQ6qEoqSqAKg="/><Block Hash="H6E9GpuNm66aeWqQwXzqEqZTKAXnwN8+xRYYvDMRV70="/><Block Hash="r5zIOIM6UMcZgSFw91X2YIOenIwE9ACl10h7/x/LQjE="/></File><File Name="assets\audio\LevelMusic_speed.mp3" Size="109824" LfhSize="63"><Block Hash="3D4/G69ZhHGVo/27LDz2ddjJYWfnqbG8zEgfi4d9WcI="/><Block Hash="LvI6p+4xGS1OesXualAdUAc9SE0cIQL3iDKItsdWPXI="/></File><File Name="assets\audio\LevelMusic.mp3" Size="1315960" LfhSize="57"><Block Hash="iM0N55Evcm7LuGbqwRV0haU3nJ5hL3kaBC22hbZdAJ0="/><Block Hash="AR2Ud2ya7QL1Jdz+s9fXy0ssjsaJR0xN+eOMkouvABg="/><Block Hash="LYLjp8k7DqZYYDDjijCUvbQ4UmX2IGsf2Yn6igVnKeg="/><Block Hash="sf5iEOuagX0nx/oHv9ftE/kU1N48i8ULU0UwO7WV1YE="/><Block Hash="BGaXrxGfiHzOH8gOEIUrUuWVZbSYIv+ioA8cac/XiZE="/><Block Hash="p0r3x4yysqlU6qVoQJcF7StLFjwgUtVhjXWF2OFzc3Y="/><Block Hash="cjt2J8UCbAOcr0vF8W1t577AYVPRElNWF9Citpm0Y5I="/><Block Hash="KRS4x4uUbgYbyG34fxeypkOFBKIVHQFlqONMgl4aWj4="/><Block Hash="aS91Xbd98FMZzTT/b4E7WNOFACehbTJ6yEKw5pPkoAY="/><Block Hash="aAOXerxgtzFHp2g5qUxAKKZjrf8vcu0wjQSC7lkf2Lg="/><Block Hash="9aNuNpTFO5TihIOxYCavPFOTFwHpJCSCWCcoiLAlaRE="/><Block Hash="kzvUg9LxUOkn/dvvMtHxR1LGSCVl1G8Nwsh/ZJp7XII="/><Block Hash="fk3BoFELnTYZfJWujXFhbw2gZpHMcLQB/A6BUEpPb7Q="/><Block Hash="R05o6vnOc88D+8OG1YiM8PTsnGZNVNi07nVoFCIotqE="/><Block Hash="a+BmJx2AADzkcQhsZitkeabLQD53Oz++/ub7ZxV5VHY="/><Block Hash="FbDifDGjOal68xufz7zh+62ae0D2f/RHRG1h1C87obU="/><Block Hash="xcSiwgsNYa8VRs2NuyRHp8bB58AvmSFdOxQi/qjDHsY="/><Block Hash="HE61U5UyRW6AGPJAqp6xHQcuvHrAFakCociq5yHf4XU="/><Block Hash="QxaEvhrQFaZEZuk1Z3eHEZFSERqhGNBgK2LIwcP+SZI="/><Block Hash="ukY4PnoW34jKmBqv3nyHm89iCyTpC2AveYBOuGDQ5hM="/><Block Hash="JcWfK2zUoD0MIXzrr+AMC4RzZlJxwMcbZ1NHrN5tr9E="/></File><File Name="assets\audio\Lever.mp3" Size="13061" LfhSize="52"><Block Hash="UmRYIWYxRvAgBdkKnC/HZH4uXMLrLZ+4OhYQf/US61E="/></File><File Name="assets\audio\LightPusher.mp3" Size="14209" LfhSize="58"><Block Hash="zf9VKXY8dlATVP/tHTXwX9nNL4iCZqrDRW/G2i7xdBk="/></File><File Name="assets\audio\Melt.mp3" Size="81933" LfhSize="51"><Block Hash="mRke6tI8hXg8049br1uc6v/Wg6TeI404pAGxz1PyWCk="/><Block Hash="WQjKGUBsK62mwnpuQTffRZ9Jx5PmGfFu3cuEwDGXxM4="/></File><File Name="assets\audio\MenuMusic.mp3" Size="153390" LfhSize="56"><Block Hash="lusqFtlDwrd6AUQmb7a+LKKtU3UmYj6uWxw48lOUsxQ="/><Block Hash="YNGy/sTw/YvJ39xavJK6yYT/lJhjjUwMbWti00E2fdo="/><Block Hash="5+Ho8mfdMei3wWSSoK3pnYuLdmHqgvL+qh/NWjouoi0="/></File><File Name="assets\audio\Platform.mp3" Size="28224" LfhSize="55"><Block Hash="NLM0TRmlpSlBtpzBR9hcsNlVUZjD/yxth1YpDY3Rws8="/></File><File Name="assets\audio\PortalClose.mp3" Size="12538" LfhSize="58"><Block Hash="dk53+8ZMxBkP+CG9yvQJdfVMGKIbmgcVN+FSpffPCLI="/></File><File Name="assets\audio\PortalLoop.mp3" Size="49318" LfhSize="57"><Block Hash="aR/9GJ2cVWq251BBzIY5BWHu2luQAkekZBB3uiZYMLA="/></File><File Name="assets\audio\PortalOpen.mp3" Size="36049" LfhSize="57"><Block Hash="XWxmkFHn66sVm+gXAzQypKCG1ndsvR55MVqLKr/5FFM="/></File><File Name="assets\audio\PortalTransport.mp3" Size="14209" LfhSize="62"><Block Hash="wgdRTkDUWJ06V1EXCE4CKZtz4MUzv5F/qT5N+maSPzo="/></File><File Name="assets\audio\Pusher.mp3" Size="15673" LfhSize="53"><Block Hash="ZQMBFlBX57WpPGpGSgRgKAjyAxAGkl6ARwzvPCyuRJk="/></File><File Name="assets\audio\Slider.mp3" Size="5224" LfhSize="53"><Block Hash="mKAy8NynFvySuAYi4qNfaLltXNpHHW7l64VQKd8mCIQ="/></File><File Name="assets\audio\WaterSteps.mp3" Size="11701" LfhSize="57"><Block Hash="O2wjAYx0fLcpt5A5DhVAd1S+4nZjRKOHkefH9cFPr9I="/></File><File Name="assets\audio\Wind.mp3" Size="42048" LfhSize="51"><Block Hash="sXwtMBAbyjSiLlaYIMS5RWzxTnm6+N2WdYcv93SpDA0="/></File><File Name="assets\fonts\font.fnt" Size="28418" LfhSize="51"><Block Hash="l6nJlrpHFNZXOurxEsN7UZD6oHyfa1vb362/NoZIIq4=" Size="3189"/></File><File Name="assets\fonts\font.png" Size="405225" LfhSize="51"><Block Hash="xP4iViAK4r5wHPCcZXK0Z+g5RX9G6IafiNXOgzAEpo0="/><Block Hash="Ub5gr8rqDv5NgNBauYPKKhhjZzXSOijvM3LYd5pFUQA="/><Block Hash="cpH0te/R7r0n9gDH/pSXrTo61FcOJ9B/FSc4o/NHx0M="/><Block Hash="FQrOfP+XL4N6RXePqzEGFn5JdORKsijt5axAbhAX080="/><Block Hash="OGLfzYWRTbHdbQI/6OVDiL42bB7jIVuHNM7YSDRmiag="/><Block Hash="6N13i9a2Np4oz4umQ/pMbUaDMyh3LnC+7tuxrrxBwGQ="/><Block Hash="FkKcWz4lQbbe9VJTlcIG5vF5f/t88ur9cuqurtZS/us="/></File><File Name="assets\fonts\fontStone_large.png" Size="484295" LfhSize="62"><Block Hash="eeTHVIWf9nS3SN1VRW/acs0CbRpxI3OSojWy0zC/L68="/><Block Hash="bGvNV1dV+H0AW5VX7vMLDZVa0RBSlWMcpbCL3UAlnrM="/><Block Hash="jSpOLAuaoYkr7v34mHJ0G24Kjj38pjtHIyFjp720Ng8="/><Block Hash="b3hmBptYULKzReFJVRLbppCbZ2trIaAThqJfC2GGOdI="/><Block Hash="yCahFJvfcvTHj3YWfrHs6Et2oO+gWGMMZxn/WS/3jNk="/><Block Hash="msYIgsIFn+Ou1HylKyKWdyp/wGUdwzmA+jwpV6dG/QI="/><Block Hash="52OU/V/esBeuwCIb4scXX9/FjUpFrxPIC+aPugZ0SV8="/><Block Hash="C7pnWLwKdotHyqqXFB6h+aDopYictLbv6jFKURJxbtU="/></File><File Name="assets\fonts\fontStone.png" Size="462850" LfhSize="56"><Block Hash="++sJfj6bhvVpKbEMroCQXf2TefFZuvuhcpqc1s/MjBc="/><Block Hash="V1IqMBABfOim9vErl/NhKSX0Iis3dVy4C+wyKptX5WY="/><Block Hash="02gQ13zy03I9tQyHNHI9JMAm/90o+1SaHxq//DHwyz8="/><Block Hash="q9EA5+mCtU5LFFfdpdYnCQldPv6qowRU7270AEVHUh8="/><Block Hash="glBXEE5dK2j9d8fAZ8UEoXWxVV2JWiUW1ss5m7avX4w="/><Block Hash="bMDGNywEuzg3eo5zkuAJ9qq8MhVvVbR3Tw60EGla6NI="/><Block Hash="6D2Kyk+0+VKZ3n0setHdtPXw48WGTYuAEd8ZfYyqFRE="/><Block Hash="yn30ek3amywSUno0pC9jbqFUmAZYIzs85kr1bzCyDIw="/></File><File Name="assets\fonts\font_large.png" Size="425606" LfhSize="57"><Block Hash="/VgQsuEXzGU1lddwZtpgK2vWD9UsyBAuplh3EQuHZ+8="/><Block Hash="a3BSkcib0BvX5l+5T2UFgj0bGrYNkj4mnBbk//M6qiM="/><Block Hash="TxqANgegtNW1dSXzOOI67LBSWa9oCs1+J+HzQcpNb9M="/><Block Hash="9XiI6GUqOmB/gDTwWW0QsvzXIYK82vGj9Ro2n15I9XE="/><Block Hash="nfVEYHxwKn/07SIdKq5xv1a+8d3J++X5rr59/Cuhz5Y="/><Block Hash="zREWf21azPN0uFuRfVqfqZPU64LeNw5fqPrvVDfUfe4="/><Block Hash="pZPEO1Exmyqqsh2fF1uubfsaZs6aP9QNogbIfdi1uJQ="/></File><File Name="assets\images\Beam.png" Size="64607" LfhSize="52"><Block Hash="lUm/x6BBj9EjqkwhVFJzHcFABaPP9ZmuN9QE/95SxnA="/></File><File Name="assets\images\branding\branding_logo_kizi.png" Size="61532" LfhSize="75"><Block Hash="CovMXkdWZIWYstlEsEt7dzGe6vRXtIAxZvULIyvfxHo="/></File><File Name="assets\images\GameNameForest.png" Size="109049" LfhSize="62"><Block Hash="cbu/zouTgxhj95n7i1485tuR3oWrphEkQINfyDE8KV8="/><Block Hash="pnbg4IGiOVKkW0LbTnJd/rv8sJKNk4nL6b/LUeXir4U="/></File><File Name="assets\images\TempleHallForest.jpg" Size="426676" LfhSize="64"><Block Hash="WeoOWEYepSkd0yAiy6GtTBTwcsrAt9Df06xOxLeuufU="/><Block Hash="WwqHRPpfLcyCPhzvBpU9Bxza3XUiAfcaVQ/IgYJWAvw="/><Block Hash="V11VqVAdEs3zZLRiJnReivBECAcXu+CVYEEI/DT7ZgY="/><Block Hash="7e/9u9P9LZWUFZQX+D6XeMXP5/bBityZ/EfScwJUEdQ="/><Block Hash="zMftGdaEskr6I6x2U22RezXu6nnBhFEV+BLRFFplZmY="/><Block Hash="gwGX7ITM1VJkylirVpb1wyoKApx8FbYyqiPXGc/oUSU="/><Block Hash="O/IxKWHtxNf/+d44mn6twxPMSPC3ijSew9zNqXL0gCg="/></File><File Name="assets\tilemaps\tilesets\Chars.json" Size="1590" LfhSize="65"><Block Hash="0gwmmG6uDOUEXZdOsOW5PAQUY7YU1uGA1d9VCTfoBTs=" Size="286"/></File><File Name="assets\tilemaps\tilesets\Ground.json" Size="2600" LfhSize="66"><Block Hash="aEWmJ0TTut8C0/gLrhAAOnsFhWJFb8ydx+WuVOiN94M=" Size="352"/></File><File Name="assets\tilemaps\tilesets\LargeObjects.json" Size="1026" LfhSize="72"><Block Hash="Z45ebL19UeOFfhyDjt+Xdmoxb7A2eBJ7fyZBn6GvzG8=" Size="273"/></File><File Name="assets\tilemaps\tilesets\Objects.json" Size="2401" LfhSize="67"><Block Hash="znr1Uq1EwICoFd1o3/KcwWl+IldRrt7ZFtXKQ0JZQOk=" Size="433"/></File><File Name="bower_components\requirejs\require.js" Size="86265" LfhSize="67"><Block Hash="GZFwQsprY2uA8FdGN7XvOvgxAgeCoGSxMhGSc/8PXvI=" Size="15487"/><Block Hash="3ZUVPCgvTicpy/X0qdlGqZlPah557FcFpi5nM6sdq7U=" Size="6499"/></File><File Name="css\default.css" Size="14" LfhSize="45"><Block Hash="u4DszuiY1WLPnENub5+KbAlwyJCcCHdKlyaXaKLaRqk=" Size="20"/></File><File Name="data\forest\levels\forest_02.json" Size="6491" LfhSize="63"><Block Hash="aEKZbgJ3o+s/XiDEJyXiUdoivZJ4sBx4QAZf116hva0=" Size="839"/></File><File Name="data\forest\levels\forest_03.json" Size="6224" LfhSize="63"><Block Hash="pEwr6lZXmvFCNcpBLT59oRLMfaSX2yKRWeLmnkleS/4=" Size="855"/></File><File Name="data\forest\levels\forest_05.json" Size="6145" LfhSize="63"><Block Hash="/mP1tCnQaD/+SLkKpwijdXp9iGfItqcXZz3fES7jcfM=" Size="867"/></File><File Name="data\forest\levels\forest_06.json" Size="5068" LfhSize="63"><Block Hash="wslmOrJBm170PP6PWeeI+T+JTrOU0GjFBtiXctxIyLI=" Size="772"/></File><File Name="data\forest\levels\forest_07.json" Size="5721" LfhSize="63"><Block Hash="byy3YdSOJRwJFZQUHWiZL1g1UFfeo2vEmSzzlmCqdoE=" Size="978"/></File><File Name="data\forest\levels\forest_04.json" Size="5731" LfhSize="63"><Block Hash="fF2xUqu3bcWoHo6Fb8Q5n5fpO/ZEpWNlty2GJRHeVaE=" Size="849"/></File><File Name="data\forest\levels\forest_09.json" Size="5450" LfhSize="63"><Block Hash="UWab0or6xntUik6MWIDtLIf5GRC2Ka47NzX1MIIrqqg=" Size="888"/></File><File Name="data\forest\levels\forest_08.json" Size="5959" LfhSize="63"><Block Hash="HeryZhYrJMpe8UWM2bh13NbdIhd8PefHvtx3rmV5RKY=" Size="867"/></File><File Name="data\forest\levels\forest_10.json" Size="5425" LfhSize="63"><Block Hash="ceah9eDno825+OAv7MKBUn0UYcuvBvO7tDdVejm5pE0=" Size="872"/></File><File Name="data\forest\levels\forest_11.json" Size="4615" LfhSize="63"><Block Hash="FR2CUrtmCY76iwc5OE+dCRvACaHkyQAuaxU+qSw+kYM=" Size="836"/></File><File Name="data\forest\levels\forest_12.json" Size="6150" LfhSize="63"><Block Hash="jqHjN1rZa3/ZAvyQffvhO0vYdmiFl3MgCMhtuZlbMNM=" Size="905"/></File><File Name="data\forest\levels\forest_13.json" Size="6149" LfhSize="63"><Block Hash="Hbz3FewEOZnX926KEcKgHp8tbn64jMsSvTO2bSWNxSk=" Size="802"/></File><File Name="data\forest\levels\forest_14.json" Size="5579" LfhSize="63"><Block Hash="mp3wnxV6RuC6xmZJ3a+urhQQPq2SFEvLgCEXP8H6ulM=" Size="818"/></File><File Name="data\forest\levels\forest_15.json" Size="8092" LfhSize="63"><Block Hash="0yBYXQj6+y/zm71V73POot1L6WNNq9IoFTlz/ZJAxS4=" Size="939"/></File><File Name="data\forest\levels\forest_16.json" Size="5443" LfhSize="63"><Block Hash="wLJCMD1aQb4+mw2S9KEav92W4jhkcz4ttd7GCno33VE=" Size="889"/></File><File Name="data\forest\levels\forest_17.json" Size="6163" LfhSize="63"><Block Hash="IFrELlw+FlrtkRhFrzWL6ylmv2OUWe+m0QcpGkmqda4=" Size="849"/></File><File Name="data\forest\levels\forest_18.json" Size="6017" LfhSize="63"><Block Hash="YkBNVs84nVV6pfTGe5yUMgmMsEN1nbZdvOqTLlkEmoo=" Size="990"/></File><File Name="data\forest\levels\forest_19.json" Size="6956" LfhSize="63"><Block Hash="gGw8vo1kV9KxaWHme3TZbtYSy+bS/OyyW90urI2zd5k=" Size="1023"/></File><File Name="data\forest\levels\forest_20.json" Size="6900" LfhSize="63"><Block Hash="gMcAJIaO+9GkpQXtuHjvy3U0F3pGolzpADj1B59q+Yo=" Size="1010"/></File><File Name="data\forest\levels\forest_21.json" Size="5989" LfhSize="63"><Block Hash="1/LHmegwKuaSozyrmd6ViBSdPAerbpfspGFs4jheM/M=" Size="1015"/></File><File Name="data\forest\levels\forest_22.json" Size="7210" LfhSize="63"><Block Hash="N0PGc4WaItWWPIQon6vilMrKU8qZslbXk0OBHfdL7HI=" Size="1086"/></File><File Name="data\forest\levels\forest_23.json" Size="4540" LfhSize="63"><Block Hash="0j9DX5txjkBgIodaUVZc3vojjagEjOhOgOGED5P2OfU=" Size="826"/></File><File Name="data\forest\levels\forest_24.json" Size="5877" LfhSize="63"><Block Hash="hoiFKxoG2+s649z2HSwUkiAxbC0bNixFLLtlrDU2lKo=" Size="846"/></File><File Name="data\forest\levels\forest_25.json" Size="6099" LfhSize="63"><Block Hash="E/B1yfRwPyiewc+CWU7MjkxjXqg7TkgmuGrghOCi82E=" Size="993"/></File><File Name="data\forest\levels\forest_26.json" Size="7362" LfhSize="63"><Block Hash="uKwkoIs6DA8Ur3LL9Elncitwmi3/p8/Lg6jRJkM7uBo=" Size="1049"/></File><File Name="data\forest\levels\forest_27.json" Size="5470" LfhSize="63"><Block Hash="v+cPxMCCzeXB+gNfrNNwozGsZQxD5ybumMqp421JaM0=" Size="937"/></File><File Name="data\forest\levels\forest_28.json" Size="6855" LfhSize="63"><Block Hash="Z7qPWTQ+HZ9WXktbQl/Ru2kSAkarAN+2MPRXUkaegs8=" Size="964"/></File><File Name="data\forest\levels\forest_29.json" Size="5209" LfhSize="63"><Block Hash="Q+KIL+sgbbAKC7so99HnFdT7XnmxyjRBXr9BvxldRC8=" Size="946"/></File><File Name="data\forest\levels\forest_30.json" Size="5925" LfhSize="63"><Block Hash="RAGUxnF2tXLasNjdYFSFboR3B66x5+5AYew/Akettxk=" Size="893"/></File><File Name="data\forest\levels\forest_31.json" Size="6059" LfhSize="63"><Block Hash="Oxx21jw9SD/QSAr9+MeH3rqf2+//yxC3dI6odtQHU4I=" Size="995"/></File><File Name="data\forest\levels\forest_32.json" Size="4468" LfhSize="63"><Block Hash="FibXfdIDiBXTRtbhu2tliEuB5wFwSQkycGB6KIoqM4c=" Size="691"/></File><File Name="data\forest\temple.json" Size="5247" LfhSize="53"><Block Hash="NOQjG0ZppuZ8ZEb6Xk33c/el4CYoiWMUs7HEOLla6XQ=" Size="990"/></File><File Name="data\tutorials\levels\forest_01.json" Size="23663" LfhSize="66"><Block Hash="NcSZuKJbWasJB/kYGNMzMg3GLsfaXAecm7UUJEhtIok=" Size="2047"/></File><File Name="game.html" Size="1753" LfhSize="39"><Block Hash="apvAUjTk6WfT9MIQnqdf543i7kBuXwV6kK31aglXrWg=" Size="684"/></File><File Name="game.json" Size="123" LfhSize="39"><Block Hash="oDaO9KMmwUslCD00qM7OTOts8jz1aCztLWGv2Vtz9mM=" Size="95"/></File><File Name="icon-60x60.png" Size="7809" LfhSize="44"><Block Hash="42o8UqhV/d1QnSN3XnuSp59ocBVfi3BMR64prWrjZ5U="/></File><File Name="images\LockScreenLogo.scale-200.png" Size="1430" LfhSize="65"><Block Hash="pBoFOz/DsMEJcgzNQ3oZclrpFj6nWZAiKhK1lrnHynY="/></File><File Name="images\Square150x150Logo.scale-200.png" Size="92808" LfhSize="68"><Block Hash="Hqc0kcJBFyCGp43pVUkbaqfq4/ZDS/XCGEERxQSK2r8="/><Block Hash="H5p2cml+r/2ekjxFGCQvpKGPeavF4L9mkJFz/xys/N4="/></File><File Name="images\Square44x44Logo.scale-200.png" Size="12183" LfhSize="66"><Block Hash="MjQlwJVT399qfuctlcSSQUtwMWLGL1zoI6UPGlNo4tg="/></File><File Name="images\SplashScreen.scale-200.png" Size="776551" LfhSize="63"><Block Hash="gDWPjmAk1ccVIsPC7jqFJBH+cSusQgkYEHbdc7U6V2I="/><Block Hash="dygvbufNC1GBATo2yeUsOI6CfCtu+F+huvxFjNiF51g="/><Block Hash="/zHYHrF5J6Yn5i8xuK7qsk5hDRJBcykL5sZVC7xiznw="/><Block Hash="gLDtjvlXzLp4pR6nV4gF/PxWrGstEqcSF9afWsvhCNA="/><Block Hash="gk4tG2wWiM41lHsUYJV1M8Eu5lwRGApFABUT5Hr5aCk="/><Block Hash="3qVmtXxdgtost0cZdAZe6zWIw5QrAlpgYFNBriHUSOk="/><Block Hash="YjoaOluo6lCfMYE2xJKwuiFShknW3GO2QrlstcpYLFw="/><Block Hash="2m37hCKp0V96oYdAgFdblswATpYclm8rvi+y1LuT41Y="/><Block Hash="7rH553UGH0U/lATCywO2GLL+H8B29aHJdBql4VyMlZU="/><Block Hash="fiCBovLeXczH/p+CDOir88Pspsd37Be5ZLMPooh2VAw="/><Block Hash="vTwZQ7ldrvBFFjIfViX+uIEKDLlXqijdguIGYh6X6C4="/><Block Hash="KIVpE31q0ZEGLP/t9KAqZoESDvh3k2Ekx5RLVzIsptc="/></File><File Name="images\StoreLogo.png" Size="5030" LfhSize="50"><Block Hash="b7vi/X3L5a9gDID63WzvbvphEXZ31gTtdIa9fOroESs="/></File><File Name="images\Wide310x150Logo.scale-200.png" Size="43072" LfhSize="66"><Block Hash="Gn07g0L/+Vnf22zy+FYYsf0ZlMisow3SKU9Wy+P47O4="/></File><File Name="index.html" Size="1107" LfhSize="40"><Block Hash="2PVYhTafhcjSfUamP9fjg5NQjg7xF/11Ij4/Y4PJg/I=" Size="502"/></File><File Name="js\ads.js" Size="2472" LfhSize="39"><Block Hash="8xOi86qI332LvfRKCPSrhkFOcYPmMbqzotWgfG9Sxzw=" Size="828"/></File><File Name="images\Square44x44Logo.targetsize-24_altform-unplated.png" Size="4069" LfhSize="87"><Block Hash="zlsN0p1/4OZDK8R/W8tgQaFTbPt6hVynzfujLsEzg0o="/></File><File Name="js\init.js" Size="2400805" LfhSize="40"><Block Hash="1i0AgyYVRLYsGC/0JF25rRPomLKAKemMP5h7N5ESwwg=" Size="12880"/><Block Hash="5sDv2V/4U+nOSfOfa6esLsTL9zRBgRJ44I6/yYXGg94=" Size="11668"/><Block Hash="OHvkKq36yN9z/3gURHF/abA3MGiqzuRB8hQ7DKUDlPk=" Size="11589"/><Block Hash="Uwfy+l2owUXLxZ+vehEqmFy0Ruko+xYxpz1YG0pnR1k=" Size="13138"/><Block Hash="+uCOCKrldbTlHZ0LBJeJfPi8GC/w1DwdWYCAFc438lA=" Size="14063"/><Block Hash="c2eVYwqCq9r8+NvZj0xYq5ZoUqdI/uZCG6qSOSv2d2k=" Size="10494"/><Block Hash="kgugX3lI/s4lKm5ondq1VikAmwukEOukAU9ssG1iKTI=" Size="12253"/><Block Hash="SnFwQzFUUf0Bg3vFzqF3zaw9xBIta2jAmb9t07Xs4xQ=" Size="9764"/><Block Hash="4M1nR09+jb0eZEd4z/UukpM1dzYdGPUuK8Md3XAz70M=" Size="10800"/><Block Hash="PzON5yMDSJo5lcAxvX/Rgab+ZduT9Eosa3TsKPJdTG4=" Size="13251"/><Block Hash="mUtXjzPWDlGDis2KK3n+Eg3lI5sfhRbUw1D6gC3odnQ=" Size="12799"/><Block Hash="ym3T7rBFuGHCACIyQ79Y8Oa5q0uavnvlB0AAWEqR/6M=" Size="13221"/><Block Hash="zYkF2Srb9XD5CYNVIwy++04zaFXQTRr8xanQM5belp8=" Size="11628"/><Block Hash="dHlOT6f+A1SJC4ERkH+MCOe335cHXb1KqUcnjkG7Sx4=" Size="11602"/><Block Hash="WpjOwHOuasAUIAUT+AmfGFKZSpIHUG3qrZQRjkrFkFs=" Size="12584"/><Block Hash="ONBF5QTSX5ugZ4O48HdhDNK3jqhi/z8tUVfeU11pQ/E=" Size="11529"/><Block Hash="lyHvenJe49GOxmAgoTRKuv0++L65sKdrZtAmkgzhDhk=" Size="10982"/><Block Hash="EmUJG83W/B7gLy7EaIy6dUI4xHQHL0XUylXXw1PiNgw=" Size="12987"/><Block Hash="PHej54VZiDcASrfQQlmSawTlnCXXfPWnBWmcVegKSNw=" Size="13523"/><Block Hash="banvFwdd/snQ5aUVHI2ve+/FNgxOmUiOTYhwC+0lmSc=" Size="9436"/><Block Hash="fS3GHir1fcxdwqE/pppZl/jpo4zUTwenoVzHav+aXlg=" Size="10093"/><Block Hash="TeI8GY30kTm6hSCBISqZU8d9nFT9d1QEiiarr4YR2u8=" Size="10867"/><Block Hash="OrbdwwtRQSvfGHZutAVoibcq0Hb7+thZcihvl7b/5Hg=" Size="10898"/><Block Hash="s+iHXSimSeF4J9ZVcRWAPf3jM2NTbySctMLhqVu9zVQ=" Size="10797"/><Block Hash="bYOfmwCSmrC6TYym5UWvKg57FpwsqCy/nCWn6u5PMZs=" Size="10982"/><Block Hash="I2R+u8HYjO13Xb8xflLuE2lQ0fVXfrdvTGZOPL3hEPI=" Size="10811"/><Block Hash="8h0eDqfAmJL0WN1cONarflvx1nOIXzYcJ6vV1FXU9QM=" Size="10553"/><Block Hash="mU9ckU7FabmxqP1CUb+Vr9wRYy4mN37AY6n/T4Rezd4=" Size="9576"/><Block Hash="21NFj9EuvsxCD1QQWYrAGPyCII6cNMkrgI141+MPd4o=" Size="12509"/><Block Hash="gTbd78ypUnrGbI/2MDppfr3uO8r1MdAmNZiW1hivgM8=" Size="12267"/><Block Hash="sXxXSAaQQpeFunConRBKN+XXlEJgAQMa9DuZX+dG/2o=" Size="10875"/><Block Hash="6EGhcPZQ7h7QUCelUYpmFPUt1IA04c03B5PLRgvyj9g=" Size="11113"/><Block Hash="XwUxKVr2aCrIOANy39aiqHKsqGkCu99WeVAfVaZUdxg=" Size="15447"/><Block Hash="iB+PBm1aMtKa7eIMgUhvVnwiCUY8+E7taPYId46nGQE=" Size="14658"/><Block Hash="GA8cv5iMYI9g5iQ2tcz6I5GI23uGczeD195mgu50i4g=" Size="15719"/><Block Hash="SXe5oCi0qrfDYyNkZV1lzzcxUfz+K2GOxZJCzZ2a9Dw=" Size="14229"/><Block Hash="jr404ETTmmx3Pg9FgkTLl2RIv+KbWsqQTg2myQTbnlk=" Size="7699"/></File><File Name="js\main.js" Size="8657" LfhSize="40"><Block Hash="vIFYiSVqr6cCLjHH0Td0JF4v9WwelTUgwdmBWiDkZDw=" Size="2987"/></File><File Name="lib\winjs-4.0.1\css\ui-dark.css" Size="248975" LfhSize="61"><Block Hash="pTJY7CfwEaDDuA9Idz7wLOjvjpnJdBF7UOtbp5++TH4=" Size="7352"/><Block Hash="lI8Z8TsllBEJL0Gmi07V2eSiXX3AfxAgb2ttOZtbWbg=" Size="9004"/><Block Hash="4mjLEtuZqm8ic8gKJnM1FrfromJRzg8eSlcXdUYRoV8=" Size="8069"/><Block Hash="NB9C3ZCGoRrM8rYIdSRP3FYx0JMKb7+3tdK7PyBQmZo=" Size="4523"/></File><File Name="lib\winjs-4.0.1\css\ui-light.css" Size="248611" LfhSize="62"><Block Hash="pTJY7CfwEaDDuA9Idz7wLOjvjpnJdBF7UOtbp5++TH4=" Size="7352"/><Block Hash="lI8Z8TsllBEJL0Gmi07V2eSiXX3AfxAgb2ttOZtbWbg=" Size="9004"/><Block Hash="B2RRvHdehnz4Ub9Gk0mOB1QN+4RldpfSlkoxV+Eyp5A=" Size="8081"/><Block Hash="PfwgaWnB3fDeIgkzJ6IvZMTR1ynohB89OWy4aqLFvTM=" Size="4495"/></File><File Name="lib\winjs-4.0.1\fonts\Symbols.ttf" Size="47488" LfhSize="63"><Block Hash="RPrW8Z0sZ2+v7F0xaN8rXKU95+xHZpYPGWqjm7luzh4=" Size="31466"/></File><File Name="js\lib.js" Size="1185942" LfhSize="39"><Block Hash="HtAAWzhjfGqs0DdlxY7rL/Hti+uZ80yZRPCl7XENP/8=" Size="13045"/><Block Hash="TKQRCfEAKT7uS3Xo5Lo1hMf9vX0Rv/nwwB+xw233jfA=" Size="11627"/><Block Hash="aD7eWrLPdY9aVhAB34Hy83dvP9Xmq2K/DHbVO8ioogk=" Size="11816"/><Block Hash="GExjdscZGCOcQhvTjMz/z2QmL8OQjQ8a6TgeIWeRG3g=" Size="12814"/><Block Hash="LmwEVULsDlpHxkNlU9kd+1d7Z5nZsb71RExd1APbK3M=" Size="13824"/><Block Hash="asImxLwHLXDteW0Pp+qozZVDRhXXGSAP6BLZCHVRXoc=" Size="10581"/><Block Hash="zKo6FvHSyJEXJgKNY3j5QH1Ko0wkZBzsulB1eMoWReQ=" Size="12544"/><Block Hash="Q8+usPc7SFkccJxe/kvzyjIo5sIozpJkIvgvlFUde7w=" Size="10137"/><Block Hash="o2p6bAUJmkiv5R0WFIU3H1xuDkQFREqb0UGhznl9QGE=" Size="10875"/><Block Hash="37vkLG6g50J58ZDP4ZHXbi0ZS50rS/s5gHzf/Phd/C8=" Size="13825"/><Block Hash="9DjuKRnKtoywBF89PWdmkTbvwNYy8U5uYVMg7bTVWHs=" Size="13017"/><Block Hash="wcvGoLv7ZhwUJEPOVpj8MxlBgFU47SXTbpWOZ6R90rU=" Size="12794"/><Block Hash="usKeh04V8SHXPtlXGhl+DZn4bEw6KToBP4GYE/r0aII=" Size="11574"/><Block Hash="XfU4p23aVwVUSeYDvap30pQPrEB1ctzhjPHDtTO6ff8=" Size="11837"/><Block Hash="ikwKJdWzP3/WxPuAGlJQWuffBD+zC0Dd+MRhqjWt014=" Size="12707"/><Block Hash="/YWuB9IQ6wjCNant08eCvSxrI1UybikrKNYOsO0c/Sg=" Size="11302"/><Block Hash="6o+i80xvLbHOwO0S20t98s0SCdNhUGzsCzIZ3Uvs8tg=" Size="11535"/><Block Hash="VT4SFDw1RX+LUFdW76ndlYQJ2v3pd810DCyO0tPHQJI=" Size="13264"/><Block Hash="m9KhPzP9Zur4w5fsVYkr/fs3TjhMxZtmwj6Hncw5dQY=" Size="1447"/></File><File Name="lib\winjs-4.0.1\js\base.js" Size="1268923" LfhSize="56"><Block Hash="Zl1RziWYOaTZZN0lwbUZl9oYAhE4rYjH/CPsOlgX8N4=" Size="10430"/><Block Hash="qi6knUbJgStgTfPfRKbXdWv5ZKSEuUYPlieK2NU4DkE=" Size="10320"/><Block Hash="627BcyPXRYOvGKlIDDLL7JnVVi/QQn83fxS04dsdyGg=" Size="12433"/><Block Hash="2LG/AaxLDddy/OTJ/RYP+Hl90bJS13NZNS9vh/k8H8A=" Size="13090"/><Block Hash="ROsSBskrXtfLJNiP2MCuOsXniPCGql9lnAf/GMApvFw=" Size="11969"/><Block Hash="w93OLHa6jNr7Aq1RXNLqE1htZsXDvAUIrkOfcsQ8fS4=" Size="9929"/><Block Hash="gZ3FRvIIbjanGAREl8Hvs/H1BLS+OKILzLY8eM3Vcfw=" Size="9315"/><Block Hash="zRgjX9wIc2m3imhwkHwLAvCaLznEzLcjsO+O++8VUrY=" Size="11821"/><Block Hash="+UuWi8N4s3CDvKXSkAdhbBUzYGc6ZsUDIzcbd1YMfRg=" Size="12499"/><Block Hash="qlecESIMOEvietNQLXVMYajfNZFG0Tgm+YA2Pnb3udU=" Size="12061"/><Block Hash="VjXWYseWLYEs1wLoNfP0lWrOUszUhmByJd9a8ECMsN0=" Size="12903"/><Block Hash="1zyYlHZhcO/dShsuBFQ/dz6k7lhSx5EshfnJY6+hYfw=" Size="6810"/><Block Hash="gWjo+GA8+tLOM7oVsYRNVYj95r6MbiA6HVD3Wrzd0XU=" Size="6793"/><Block Hash="jTOVavHdTUH9JipypUima2559UuyjySVIyo3LHUJ4BQ=" Size="12489"/><Block Hash="gZm+jcx1ywbpklgLcz+xjkh55U+raVivcxu64342gwM=" Size="11690"/><Block Hash="ZJulPIMHHwhWy6RWU2evcucxa2q4v39P7fBA5PMHBgM=" Size="8699"/><Block Hash="9/DXswv3JqdtiSYMwknUUdYhb4oP2KBEsXtQXaASrVk=" Size="10782"/><Block Hash="NXC4hDqZuHX7gFtNAikNTFNsW9hHEY/RPi2aaRGRB3Q=" Size="8968"/><Block Hash="h7CTHyuRSVOEjsWAj4ACRwqLfpN814139yJKdZITMT4=" Size="9733"/><Block Hash="odqIEfYvePHKvhnk8HSnOmNpD+TKHEyyY1oWG3VB1w0=" Size="3833"/></File><File Name="resources.pri" Size="11056" LfhSize="43"><Block Hash="8w/furQleUIWWtihz5Eqj38OZAoDh0hhyMg20Mt9tJ4=" Size="4044"/></File><File Name="lib\winjs-4.0.1\js\ui.js" Size="2969833" LfhSize="54"><Block Hash="EHx6MlOTW1JbedpcZLMgwTdosOeQjTPu7bvdoP/zANI=" Size="10662"/><Block Hash="iBj/oneksETGLuW/4PynsmOEBkhch47jJGe+mMOIEok=" Size="10015"/><Block Hash="zoBsX462YsdT7ckZb27dH3i+YqJnXUYphti1TD7mqQA=" Size="9768"/><Block Hash="44wOAeFuhPtnr1C4aFOQPkzhQVeWbY3k/aqAIYDKtk0=" Size="9869"/><Block Hash="NzvaWWjthAHowVEKbEGhNbgKPP3YpGpQ86mkT6fyLws=" Size="8706"/><Block Hash="+s427WQLiIqgNanx81aPBVFedsYV1d+NHtMcdH/k2A0=" Size="12760"/><Block Hash="ccsTPqbAar/u5LN6Dga/N+6FLl3OSUXx8yv+StO/ubw=" Size="9841"/><Block Hash="zCi/EL2mK8IN4zqWvpcYr4iZJd+cNCSIhH9FnVS9vxs=" Size="9479"/><Block Hash="M3oR4VZl88nuk7YT0OUKclysbR9uZuDdr6LccdNNAok=" Size="10268"/><Block Hash="yDfCM1c9PytUMPmLCfE2GRSqC8vrGmqA4YwJAk9EmXs=" Size="12519"/><Block Hash="vNxawJhy+21XEHBTsR6pH85escQYXUAi8NmhgQIpejI=" Size="9475"/><Block Hash="ltzcNIH/9UV/2Hx4vRaX+bZ4574oARavBKEhEDnKMMo=" Size="10582"/><Block Hash="nQhkrrJRuxpRX+aIRU/8t62BMYF71MBpenTViXO+ubw=" Size="10851"/><Block Hash="u689njq2Q4pWJ5eDyeNlxV5BhLJsllhLPzSRY/PY9CU=" Size="10742"/><Block Hash="P16thY4XpWSXF9LG7VL920y4jWrLAIqrUcw79fywwcc=" Size="10035"/><Block Hash="SHkNyQAEpdJ+ssNaOgRF9PgiDTBtAvK6WANstWFeqmE=" Size="10181"/><Block Hash="6jsbRAaZGlqCF9nbA+JKX3Gv8hp2y1HFH7JaHWII/ls=" Size="10395"/><Block Hash="n+FjLRBo8X6XIYkMYAZhZnl1jO5MjaZi66oX1QcbY54=" Size="10722"/><Block Hash="dywexHVW+YhRaxvcgFPy4Pp6hrub0/9zC3738+VjPcI=" Size="11141"/><Block Hash="Nqc8bJkhw22JcF7+HTgOV902p5XB48NfbeRODGksrwA=" Size="11700"/><Block Hash="H8UNjqf99wbEoVJ5Sb3/vpR/Oz4I5pBtr7BI9bPFCZc=" Size="9618"/><Block Hash="p/s/ok1cvlt66U3v90upC2PyjHNm35ItrV25tqfvqwc=" Size="11433"/><Block Hash="AUxbVq6FHD0T0TN4VEqEpSueDdD1U/KplnQrRa8QKjM=" Size="10369"/><Block Hash="X4GJ+ieMQ4VqqLtY64WklNYCiBEd+bNL0nyOpf/p66U=" Size="10933"/><Block Hash="XcEEF1tAik05ELkFflEf/7Jy+UoohUEHTt25BcKYZvI=" Size="11701"/><Block Hash="fKo9EM+PfFXq+HWLY9VvPFZglrghLUAQGtgAmO/Yq+g=" Size="10992"/><Block Hash="9UewT6IeQh10HiZ1sMl3l5mivdhJMTBH0DbMEsZZIwA=" Size="10584"/><Block Hash="0VDHB9hj/lpsI+2o+39rCwAEdyM80sXCUa5UBjMcY4c=" Size="11924"/><Block Hash="ZFf0roPkCtV4JzgVWnCCwuQJjIEpTvrGslRCJdfoQ/Q=" Size="11459"/><Block Hash="LqSR6q+QI47mp2hVhIAzat948G2WKmavfl1g2ohvfNU=" Size="11159"/><Block Hash="eqLYtTsijIuV7gEoQxhtOFoAzl2g6/ydRsmlQP+bgPI=" Size="10582"/><Block Hash="Iv8xypaHap0NiU60LX5cqRojVHDoiez687AIBF5XQzU=" Size="13020"/><Block Hash="y/gXcAkxAuF0rNfZ7cEIowef66IeCWfzbKUdVNN+yl4=" Size="11888"/><Block Hash="LmpZDOqA5fld+/Cka2Sx1TzeNibue+oN3j3SMDzxILM=" Size="11807"/><Block Hash="S7VnD8dLTwb1CsoMODBvX2MWyzl9i6Bnu/A1D0g6s8k=" Size="11751"/><Block Hash="8WN6i7voJYcZf5Uen00om42HADLXgMGN3D9TwmPEjRA=" Size="12652"/><Block Hash="y9GSMcvl941ZFODzQn3H70Hx/AARjTDmWk28QWmXmLs=" Size="12462"/><Block Hash="LKdR9WKJ79Ei8xRM9MweIJHFyZGtrUq5P0WFwif9taw=" Size="12382"/><Block Hash="Dnnz/H7ubMNWW7VnPKR81rULYj+xxMBqIRY4qXFUMg4=" Size="12442"/><Block Hash="Hh+4SOKRcRqKMQ64AKHy1DtYX1NugQhR6t7H4OpN8Vc=" Size="11474"/><Block Hash="Q53nifm/IqVTEQLaOOdspcmpWt3EXZgxtkeYCBiYDsA=" Size="11345"/><Block Hash="7PUdrA4kIMiOfLEm0M9aR2U/RP9eay44KQiYPDeyBLY=" Size="10084"/><Block Hash="tZGO10+UqOmDNC1hvLq5CJHeHT0A+vi2q/Ieih0K1IA=" Size="9914"/><Block Hash="vbenauMrxPPs6xc4G5e3WBW3EWdIlMdVfuL7E6+wwfk=" Size="11610"/><Block Hash="kS6lBpdv24yXZ/KFVGdGpER4NG86sTrS/w/+gfLh7hA=" Size="11720"/><Block Hash="h9dUTKa5XNXvpS8CdJPiJ0fBA9nA6sZ/oFaGyKTZRVw=" Size="4359"/></File><File Name="AppxManifest.xml" Size="2934" LfhSize="46"><Block Hash="EDhtMLTIPTbMVv0IBuylphWFpnDTbsqPN2R0yAt+Cnk=" Size="1231"/></File></BlockMap>