{"height":29,"infinite":false,"layers":[{"data":[1,1,1,1,1,1,1,1,1,1,1,1,1,1,1,1,1,1,1,1,1,1,1,1,1,1,1,1,1,1,1,1,1,1,1,1,1,1,1,1,0,0,0,0,0,0,0,0,0,0,0,0,0,0,0,0,0,0,0,0,0,0,0,0,0,0,0,0,0,0,0,0,0,0,0,0,0,1,1,0,0,0,0,0,0,0,0,0,0,0,0,0,0,0,0,0,0,0,0,0,0,0,0,0,0,0,0,0,0,0,0,0,0,0,0,0,1,1,0,0,0,0,0,0,0,0,0,0,0,0,0,0,0,0,0,0,0,0,0,0,0,0,0,0,0,0,0,0,0,0,0,0,0,0,0,1,1,0,0,0,0,0,0,0,0,0,2,1,1,3,0,0,0,0,0,0,0,0,0,0,0,0,0,0,0,0,0,0,0,0,0,0,0,0,1,1,0,0,0,0,0,0,0,0,0,0,4,1,1,1,3,0,0,0,0,0,0,0,0,0,0,0,0,0,0,0,0,0,0,0,0,0,0,1,1,0,0,0,0,0,0,0,0,0,0,0,1,1,1,1,1,1,1,1,1,1,1,1,1,1,1,1,1,1,1,1,1,1,1,1,1,1,1,1,1,1,1,1,1,0,0,0,0,0,0,1,1,1,1,1,0,0,0,0,0,0,0,0,0,0,0,0,0,0,0,0,0,0,0,0,0,1,1,1,1,1,1,1,0,0,0,0,0,0,1,1,1,1,1,0,0,0,0,0,0,0,0,0,0,0,0,0,0,0,0,0,0,0,0,0,1,1,1,1,1,1,1,0,0,0,0,0,0,0,0,0,0,0,0,0,0,1,1,1,1,1,1,1,3,0,0,0,0,0,0,0,0,0,0,1,1,1,1,1,1,1,0,0,0,0,0,0,0,0,0,0,0,0,0,0,1,1,1,1,1,1,1,1,3,0,0,0,0,0,0,0,0,0,1,1,1,1,1,1,1,1,1,1,1,1,1,1,1,1,1,1,1,1,1,1,1,1,1,1,1,1,1,1,1,1,1,1,1,0,0,0,0,1,1,0,0,0,0,0,0,0,0,0,0,0,0,0,0,0,0,0,0,0,0,0,0,0,0,0,0,0,4,1,1,1,1,1,0,0,0,0,1,1,0,0,0,0,0,0,0,0,0,0,0,0,0,0,0,0,0,0,0,0,0,0,0,0,0,0,0,0,0,0,0,0,0,0,0,0,0,1,1,0,0,0,0,0,0,0,0,0,0,0,0,0,0,0,0,0,0,0,0,0,0,0,0,0,0,0,0,0,0,0,0,0,0,0,0,0,1,1,0,0,0,0,1,1,1,1,1,1,1,1,1,1,1,1,1,1,1,3,0,0,0,0,0,0,0,0,0,0,0,0,0,0,0,0,0,1,1,0,0,0,0,0,0,0,0,0,0,0,0,0,0,0,0,0,4,1,1,1,1,1,1,1,1,1,1,1,1,1,1,1,1,1,1,1,1,1,0,0,0,0,0,0,0,0,0,0,0,0,0,0,0,0,0,0,0,0,0,0,0,0,0,0,0,0,0,0,0,4,1,1,1,1,1,1,1,0,0,0,0,0,0,0,0,0,0,0,0,0,0,0,0,0,0,0,0,0,0,0,0,0,0,0,0,0,0,0,0,0,4,1,1,1,1,1,0,0,0,0,0,0,0,0,0,0,0,0,0,0,0,0,0,0,0,0,0,0,0,0,0,0,0,0,0,0,0,0,0,0,4,1,1,1,1,1,1,1,1,1,1,1,1,1,1,1,1,1,1,1,1,3,0,0,0,0,0,0,0,0,0,0,0,0,0,0,0,0,0,0,0,0,1,1,0,0,0,0,0,0,0,0,0,0,0,0,0,0,4,1,1,3,0,0,0,0,0,0,0,0,0,0,0,0,0,0,0,0,0,0,0,1,1,0,0,0,0,0,0,0,0,0,0,0,0,0,0,0,4,1,1,1,1,1,1,1,8,8,8,8,8,1,1,1,1,3,0,0,0,0,1,1,0,0,0,0,0,0,0,0,0,0,0,0,0,0,0,0,0,0,0,0,0,0,0,0,0,0,0,0,0,0,0,0,0,0,0,0,0,1,1,1,1,1,1,1,1,1,1,1,1,1,1,0,0,0,0,0,0,0,0,0,0,0,0,0,0,0,0,0,0,0,0,0,0,0,0,0,1,1,0,0,0,0,0,0,0,0,0,0,0,0,0,0,0,0,0,0,0,0,0,0,0,0,0,0,0,0,0,0,0,0,0,0,2,1,1,1,1,0,0,0,0,0,0,0,0,0,0,0,0,0,0,0,0,0,0,0,0,0,0,0,0,0,0,0,0,0,0,0,0,0,0,1,1,1,1,1,0,0,0,0,0,0,0,0,0,0,0,0,0,0,0,0,0,0,0,0,0,0,0,0,0,0,0,0,0,0,0,0,0,0,1,1,1,1,1,1,1,1,1,1,1,1,1,1,1,1,1,1,1,1,1,1,7,7,7,7,7,1,1,1,6,6,6,6,6,1,1,1,1,1,1,1,1],"height":29,"name":"Ground","opacity":1,"type":"tilelayer","visible":true,"width":39,"x":0,"y":0},{"draworder":"topdown","name":"Tutorial_dual","objects":[{"height":248,"id":35,"name":"","properties":{"id":0},"propertytypes":{"id":"int"},"rotation":0,"type":"","visible":true,"width":464,"x":16,"y":664},{"height":32,"id":36,"name":"","properties":{"id":0},"propertytypes":{"id":"int"},"rotation":0,"text":{"bold":true,"fontfamily":"Trajan Pro","halign":"center","pixelsize":24,"text":"Tap the right buttons ","wrap":true},"type":"","visible":true,"width":408,"x":112,"y":680},{"height":32,"id":37,"name":"","properties":{"id":0},"propertytypes":{"id":"int"},"rotation":0,"text":{"bold":true,"fontfamily":"Trajan Pro","halign":"center","pixelsize":24,"text":"to move WaterGirl...","wrap":true},"type":"","visible":true,"width":360,"x":160,"y":720},{"height":184,"id":38,"name":"","properties":{"id":1},"propertytypes":{"id":"int"},"rotation":0,"type":"","visible":true,"width":760,"x":480,"y":728},{"height":32,"id":41,"name":"","properties":{"id":1},"propertytypes":{"id":"int"},"rotation":0,"text":{"bold":true,"fontfamily":"Trajan Pro","halign":"center","pixelsize":24,"text":"...Never mix Fire & Water!","wrap":true},"type":"","visible":true,"width":480,"x":608,"y":768},{"height":32,"id":43,"name":"","properties":{"id":2},"propertytypes":{"id":"int"},"rotation":0,"text":{"bold":true,"fontfamily":"Trajan Pro","halign":"center","pixelsize":24,"text":"Green goo","wrap":true},"type":"","visible":true,"width":536,"x":608,"y":576},{"height":184,"id":44,"name":"","properties":{"id":2},"propertytypes":{"id":"int"},"rotation":0,"type":"","visible":true,"width":360,"x":672,"y":536},{"height":32,"id":45,"name":"","properties":{"id":2},"propertytypes":{"id":"int"},"rotation":0,"text":{"bold":true,"fontfamily":"Trajan Pro","halign":"center","pixelsize":24,"text":"kills them both...","wrap":true},"type":"","visible":true,"width":536,"x":648,"y":616},{"height":32,"id":46,"name":"","properties":{"id":3},"propertytypes":{"id":"int"},"rotation":0,"text":{"bold":true,"fontfamily":"Trajan Pro","halign":"center","pixelsize":24,"text":"... Levers remain as","wrap":true},"type":"","visible":true,"width":536,"x":80,"y":528},{"height":32,"id":47,"name":"","properties":{"id":3},"propertytypes":{"id":"int"},"rotation":0,"text":{"bold":true,"fontfamily":"Trajan Pro","halign":"center","pixelsize":24,"text":"you left them...","wrap":true},"type":"","visible":true,"width":344,"x":320,"y":560},{"height":184,"id":48,"name":"","properties":{"id":3},"propertytypes":{"id":"int"},"rotation":0,"type":"","visible":true,"width":384,"x":160,"y":480},{"height":32,"id":49,"name":"","properties":{"id":4},"propertytypes":{"id":"int"},"rotation":0,"text":{"bold":true,"fontfamily":"Trajan Pro","halign":"center","pixelsize":24,"text":"... Pushers however","wrap":true},"type":"","visible":true,"width":536,"x":328,"y":392},{"height":32,"id":50,"name":"","properties":{"id":4},"propertytypes":{"id":"int"},"rotation":0,"text":{"bold":true,"fontfamily":"Trajan Pro","halign":"center","pixelsize":24,"text":"must be held...","wrap":true},"type":"","visible":true,"width":536,"x":520,"y":432},{"height":136,"id":51,"name":"","properties":{"id":4},"propertytypes":{"id":"int"},"rotation":0,"type":"","visible":true,"width":736,"x":160,"y":368},{"height":136,"id":52,"name":"","properties":{"id":5},"propertytypes":{"id":"int"},"rotation":0,"type":"","visible":true,"width":736,"x":368,"y":216},{"height":336,"id":53,"name":"","properties":{"id":6},"propertytypes":{"id":"int"},"rotation":0,"type":"","visible":true,"width":344,"x":24,"y":16},{"height":32,"id":54,"name":"","properties":{"id":5},"propertytypes":{"id":"int"},"rotation":0,"text":{"bold":true,"fontfamily":"Trajan Pro","halign":"center","pixelsize":24,"text":"... You can interact","wrap":true},"type":"","visible":true,"width":344,"x":800,"y":224},{"height":32,"id":55,"name":"","properties":{"id":6},"propertytypes":{"id":"int"},"rotation":0,"text":{"bold":true,"fontfamily":"Trajan Pro","halign":"center","pixelsize":24,"text":"... Don't forget to ","wrap":true},"type":"","visible":true,"width":320,"x":48,"y":48},{"height":32,"id":57,"name":"","properties":{"id":6},"propertytypes":{"id":"int"},"rotation":0,"text":{"bold":true,"fontfamily":"Trajan Pro","halign":"center","pixelsize":24,"text":"grab some","wrap":true},"type":"","visible":true,"width":232,"x":48,"y":88},{"height":208,"id":58,"name":"","properties":{"id":7},"propertytypes":{"id":"int"},"rotation":0,"type":"","visible":true,"width":656,"x":568,"y":16},{"height":32,"id":61,"name":"","properties":{"id":5},"propertytypes":{"id":"int"},"rotation":0,"text":{"bold":true,"fontfamily":"Trajan Pro","halign":"center","pixelsize":24,"text":"with objects...","wrap":true},"type":"","visible":true,"width":296,"x":912,"y":264},{"height":32,"id":63,"name":"","properties":{"id":6},"propertytypes":{"id":"int"},"rotation":0,"text":{"bold":true,"fontfamily":"Trajan Pro","halign":"center","pixelsize":24,"text":"diamonds!","wrap":true},"type":"","visible":true,"width":232,"x":48,"y":128},{"height":32,"id":116,"name":"","properties":{"id":0},"propertytypes":{"id":"int"},"rotation":0,"text":{"bold":true,"fontfamily":"Trajan Pro","halign":"center","pixelsize":24,"text":"to move FireBoy...","wrap":true},"type":"","visible":true,"width":360,"x":200,"y":856},{"height":32,"id":117,"name":"","properties":{"id":0},"propertytypes":{"id":"int"},"rotation":0,"text":{"bold":true,"fontfamily":"Trajan Pro","halign":"center","pixelsize":24,"text":"... Use the left buttons ","wrap":true},"type":"","visible":true,"width":400,"x":200,"y":816},{"height":32,"id":126,"name":"","properties":{"id":7},"propertytypes":{"id":"int"},"rotation":0,"text":{"bold":true,"fontfamily":"Trajan Pro","halign":"center","pixelsize":24,"text":"Open the finish doors","wrap":true},"type":"","visible":true,"width":448,"x":480,"y":72},{"height":32,"id":127,"name":"","properties":{"id":7},"propertytypes":{"id":"int"},"rotation":0,"text":{"bold":true,"fontfamily":"Trajan Pro","halign":"center","pixelsize":24,"text":"by standing in front of them.","wrap":true},"type":"","visible":true,"width":640,"x":480,"y":112}],"opacity":1,"type":"objectgroup","visible":false,"x":0,"y":0},{"draworder":"topdown","name":"Tutorial_single","objects":[{"height":248,"id":90,"name":"","properties":{"id":0},"propertytypes":{"id":"int"},"rotation":0,"type":"","visible":true,"width":464,"x":16,"y":664},{"height":32,"id":91,"name":"","properties":{"id":0},"propertytypes":{"id":"int"},"rotation":0,"text":{"bold":true,"fontfamily":"Trajan Pro","halign":"center","pixelsize":24,"text":"Use the buttons ","wrap":true},"type":"","visible":true,"width":360,"x":160,"y":680},{"height":32,"id":92,"name":"","properties":{"id":0},"propertytypes":{"id":"int"},"rotation":0,"text":{"bold":true,"fontfamily":"Trajan Pro","halign":"center","pixelsize":24,"text":"to move WaterGirl...","wrap":true},"type":"","visible":true,"width":360,"x":160,"y":720},{"height":184,"id":93,"name":"","properties":{"id":1},"propertytypes":{"id":"int"},"rotation":0,"type":"","visible":true,"width":760,"x":480,"y":728},{"height":32,"id":94,"name":"","properties":{"id":0},"propertytypes":{"id":"int"},"rotation":0,"text":{"bold":true,"fontfamily":"Trajan Pro","halign":"center","pixelsize":24,"text":"... Tap the arrow to","wrap":true},"type":"","visible":true,"width":544,"x":144,"y":808},{"height":32,"id":95,"name":"","properties":{"id":0},"propertytypes":{"id":"int"},"rotation":0,"text":{"bold":true,"fontfamily":"Trajan Pro","halign":"center","pixelsize":24,"text":"control FireBoy...","wrap":true},"type":"","visible":true,"width":480,"x":192,"y":848},{"height":32,"id":96,"name":"","properties":{"id":1},"propertytypes":{"id":"int"},"rotation":0,"text":{"bold":true,"fontfamily":"Trajan Pro","halign":"center","pixelsize":24,"text":"... Never mix Fire & Water!","wrap":true},"type":"","visible":true,"width":480,"x":608,"y":768},{"height":32,"id":97,"name":"","properties":{"id":2},"propertytypes":{"id":"int"},"rotation":0,"text":{"bold":true,"fontfamily":"Trajan Pro","halign":"center","pixelsize":24,"text":"Green goo","wrap":true},"type":"","visible":true,"width":536,"x":608,"y":576},{"height":184,"id":98,"name":"","properties":{"id":2},"propertytypes":{"id":"int"},"rotation":0,"type":"","visible":true,"width":360,"x":672,"y":536},{"height":32,"id":99,"name":"","properties":{"id":2},"propertytypes":{"id":"int"},"rotation":0,"text":{"bold":true,"fontfamily":"Trajan Pro","halign":"center","pixelsize":24,"text":"kills them both...","wrap":true},"type":"","visible":true,"width":536,"x":648,"y":616},{"height":32,"id":100,"name":"","properties":{"id":3},"propertytypes":{"id":"int"},"rotation":0,"text":{"bold":true,"fontfamily":"Trajan Pro","halign":"center","pixelsize":24,"text":"... Levers remain as","wrap":true},"type":"","visible":true,"width":536,"x":80,"y":528},{"height":32,"id":101,"name":"","properties":{"id":3},"propertytypes":{"id":"int"},"rotation":0,"text":{"bold":true,"fontfamily":"Trajan Pro","halign":"center","pixelsize":24,"text":"you left them ...","wrap":true},"type":"","visible":true,"width":344,"x":320,"y":560},{"height":184,"id":102,"name":"","properties":{"id":3},"propertytypes":{"id":"int"},"rotation":0,"type":"","visible":true,"width":384,"x":160,"y":480},{"height":32,"id":103,"name":"","properties":{"id":4},"propertytypes":{"id":"int"},"rotation":0,"text":{"bold":true,"fontfamily":"Trajan Pro","halign":"center","pixelsize":24,"text":"... Pushers however","wrap":true},"type":"","visible":true,"width":536,"x":328,"y":392},{"height":32,"id":104,"name":"","properties":{"id":4},"propertytypes":{"id":"int"},"rotation":0,"text":{"bold":true,"fontfamily":"Trajan Pro","halign":"center","pixelsize":24,"text":"must be held ...","wrap":true},"type":"","visible":true,"width":536,"x":520,"y":432},{"height":136,"id":105,"name":"","properties":{"id":4},"propertytypes":{"id":"int"},"rotation":0,"type":"","visible":true,"width":736,"x":160,"y":368},{"height":136,"id":106,"name":"","properties":{"id":5},"propertytypes":{"id":"int"},"rotation":0,"type":"","visible":true,"width":736,"x":368,"y":216},{"height":336,"id":107,"name":"","properties":{"id":6},"propertytypes":{"id":"int"},"rotation":0,"type":"","visible":true,"width":344,"x":24,"y":16},{"height":32,"id":108,"name":"","properties":{"id":5},"propertytypes":{"id":"int"},"rotation":0,"text":{"bold":true,"fontfamily":"Trajan Pro","halign":"center","pixelsize":24,"text":"... You can interact","wrap":true},"type":"","visible":true,"width":344,"x":800,"y":224},{"height":32,"id":109,"name":"","properties":{"id":6},"propertytypes":{"id":"int"},"rotation":0,"text":{"bold":true,"fontfamily":"Trajan Pro","halign":"center","pixelsize":24,"text":"... Don't forget to ","wrap":true},"type":"","visible":true,"width":320,"x":48,"y":48},{"height":32,"id":110,"name":"","properties":{"id":6},"propertytypes":{"id":"int"},"rotation":0,"text":{"bold":true,"fontfamily":"Trajan Pro","halign":"center","pixelsize":24,"text":"grab some","wrap":true},"type":"","visible":true,"width":232,"x":48,"y":88},{"height":208,"id":111,"name":"","properties":{"id":7},"propertytypes":{"id":"int"},"rotation":0,"type":"","visible":true,"width":656,"x":568,"y":16},{"height":32,"id":114,"name":"","properties":{"id":5},"propertytypes":{"id":"int"},"rotation":0,"text":{"bold":true,"fontfamily":"Trajan Pro","halign":"center","pixelsize":24,"text":"with objects...","wrap":true},"type":"","visible":true,"width":296,"x":912,"y":264},{"height":32,"id":115,"name":"","properties":{"id":6},"propertytypes":{"id":"int"},"rotation":0,"text":{"bold":true,"fontfamily":"Trajan Pro","halign":"center","pixelsize":24,"text":"diamonds!","wrap":true},"type":"","visible":true,"width":232,"x":48,"y":128},{"height":32,"id":124,"name":"","properties":{"id":7},"propertytypes":{"id":"int"},"rotation":0,"text":{"bold":true,"fontfamily":"Trajan Pro","halign":"center","pixelsize":24,"text":"Open the finish doors","wrap":true},"type":"","visible":true,"width":448,"x":480,"y":72},{"height":32,"id":125,"name":"","properties":{"id":7},"propertytypes":{"id":"int"},"rotation":0,"text":{"bold":true,"fontfamily":"Trajan Pro","halign":"center","pixelsize":24,"text":"by standing in front of them.","wrap":true},"type":"","visible":true,"width":640,"x":480,"y":112}],"opacity":1,"type":"objectgroup","visible":false,"x":0,"y":0},{"draworder":"topdown","name":"Tutorial_keyboard","objects":[{"height":248,"id":64,"name":"","properties":{"id":0},"propertytypes":{"id":"int"},"rotation":0,"type":"","visible":true,"width":464,"x":16,"y":664},{"height":32,"id":65,"name":"","properties":{"id":0},"propertytypes":{"id":"int"},"rotation":0,"text":{"bold":true,"fontfamily":"Trajan Pro","halign":"center","pixelsize":24,"text":"Use A,W,D ","wrap":true},"type":"","visible":true,"width":360,"x":160,"y":680},{"height":32,"id":66,"name":"","properties":{"id":0},"propertytypes":{"id":"int"},"rotation":0,"text":{"bold":true,"fontfamily":"Trajan Pro","halign":"center","pixelsize":24,"text":"to move WaterGirl...","wrap":true},"type":"","visible":true,"width":360,"x":160,"y":720},{"height":184,"id":67,"name":"","properties":{"id":1},"propertytypes":{"id":"int"},"rotation":0,"type":"","visible":true,"width":760,"x":480,"y":728},{"height":32,"id":68,"name":"","properties":{"id":0},"propertytypes":{"id":"int"},"rotation":0,"text":{"bold":true,"fontfamily":"Trajan Pro","halign":"center","pixelsize":24,"text":"... Use the arrow keys","wrap":true},"type":"","visible":true,"width":544,"x":144,"y":808},{"height":32,"id":69,"name":"","properties":{"id":0},"propertytypes":{"id":"int"},"rotation":0,"text":{"bold":true,"fontfamily":"Trajan Pro","halign":"center","pixelsize":24,"text":"to move FireBoy...","wrap":true},"type":"","visible":true,"width":480,"x":192,"y":848},{"height":32,"id":70,"name":"","properties":{"id":1},"propertytypes":{"id":"int"},"rotation":0,"text":{"bold":true,"fontfamily":"Trajan Pro","halign":"center","pixelsize":24,"text":"... Never mix Fire & Water!","wrap":true},"type":"","visible":true,"width":480,"x":608,"y":768},{"height":32,"id":71,"name":"","properties":{"id":2},"propertytypes":{"id":"int"},"rotation":0,"text":{"bold":true,"fontfamily":"Trajan Pro","halign":"center","pixelsize":24,"text":"Green goo","wrap":true},"type":"","visible":true,"width":536,"x":608,"y":576},{"height":184,"id":72,"name":"","properties":{"id":2},"propertytypes":{"id":"int"},"rotation":0,"type":"","visible":true,"width":360,"x":672,"y":536},{"height":32,"id":73,"name":"","properties":{"id":2},"propertytypes":{"id":"int"},"rotation":0,"text":{"bold":true,"fontfamily":"Trajan Pro","halign":"center","pixelsize":24,"text":"kills them both...","wrap":true},"type":"","visible":true,"width":536,"x":648,"y":616},{"height":32,"id":74,"name":"","properties":{"id":3},"propertytypes":{"id":"int"},"rotation":0,"text":{"bold":true,"fontfamily":"Trajan Pro","halign":"center","pixelsize":24,"text":"... Levers remain as","wrap":true},"type":"","visible":true,"width":536,"x":80,"y":528},{"height":32,"id":75,"name":"","properties":{"id":3},"propertytypes":{"id":"int"},"rotation":0,"text":{"bold":true,"fontfamily":"Trajan Pro","halign":"center","pixelsize":24,"text":"you left them...","wrap":true},"type":"","visible":true,"width":344,"x":320,"y":560},{"height":184,"id":76,"name":"","properties":{"id":3},"propertytypes":{"id":"int"},"rotation":0,"type":"","visible":true,"width":384,"x":160,"y":480},{"height":32,"id":77,"name":"","properties":{"id":4},"propertytypes":{"id":"int"},"rotation":0,"text":{"bold":true,"fontfamily":"Trajan Pro","halign":"center","pixelsize":24,"text":"... Pushers however","wrap":true},"type":"","visible":true,"width":536,"x":328,"y":392},{"height":32,"id":78,"name":"","properties":{"id":4},"propertytypes":{"id":"int"},"rotation":0,"text":{"bold":true,"fontfamily":"Trajan Pro","halign":"center","pixelsize":24,"text":"must be held...","wrap":true},"type":"","visible":true,"width":536,"x":520,"y":432},{"height":136,"id":79,"name":"","properties":{"id":4},"propertytypes":{"id":"int"},"rotation":0,"type":"","visible":true,"width":736,"x":160,"y":368},{"height":136,"id":80,"name":"","properties":{"id":5},"propertytypes":{"id":"int"},"rotation":0,"type":"","visible":true,"width":736,"x":368,"y":216},{"height":336,"id":81,"name":"","properties":{"id":6},"propertytypes":{"id":"int"},"rotation":0,"type":"","visible":true,"width":344,"x":24,"y":16},{"height":32,"id":82,"name":"","properties":{"id":5},"propertytypes":{"id":"int"},"rotation":0,"text":{"bold":true,"fontfamily":"Trajan Pro","halign":"center","pixelsize":24,"text":"... You can interact","wrap":true},"type":"","visible":true,"width":344,"x":800,"y":224},{"height":32,"id":83,"name":"","properties":{"id":6},"propertytypes":{"id":"int"},"rotation":0,"text":{"bold":true,"fontfamily":"Trajan Pro","halign":"center","pixelsize":24,"text":"... Don't forget to ","wrap":true},"type":"","visible":true,"width":320,"x":48,"y":48},{"height":32,"id":84,"name":"","properties":{"id":6},"propertytypes":{"id":"int"},"rotation":0,"text":{"bold":true,"fontfamily":"Trajan Pro","halign":"center","pixelsize":24,"text":"grab some","wrap":true},"type":"","visible":true,"width":232,"x":48,"y":88},{"height":208,"id":85,"name":"","properties":{"id":7},"propertytypes":{"id":"int"},"rotation":0,"type":"","visible":true,"width":712,"x":512,"y":16},{"height":32,"id":86,"name":"","properties":{"id":7},"propertytypes":{"id":"int"},"rotation":0,"text":{"bold":true,"fontfamily":"Trajan Pro","halign":"center","pixelsize":24,"text":"Open the finish doors","wrap":true},"type":"","visible":true,"width":448,"x":480,"y":72},{"height":32,"id":87,"name":"","properties":{"id":7},"propertytypes":{"id":"int"},"rotation":0,"text":{"bold":true,"fontfamily":"Trajan Pro","halign":"center","pixelsize":24,"text":"by standing in front of them.","wrap":true},"type":"","visible":true,"width":640,"x":480,"y":112},{"height":32,"id":88,"name":"","properties":{"id":5},"propertytypes":{"id":"int"},"rotation":0,"text":{"bold":true,"fontfamily":"Trajan Pro","halign":"center","pixelsize":24,"text":"with objects...","wrap":true},"type":"","visible":true,"width":296,"x":912,"y":264},{"height":32,"id":89,"name":"","properties":{"id":6},"propertytypes":{"id":"int"},"rotation":0,"text":{"bold":true,"fontfamily":"Trajan Pro","halign":"center","pixelsize":24,"text":"diamonds!","wrap":true},"type":"","visible":true,"width":232,"x":48,"y":128}],"opacity":1,"type":"objectgroup","visible":true,"x":0,"y":0},{"draworder":"topdown","name":"Chars","objects":[{"gid":16,"height":64,"id":1,"name":"","rotation":0,"type":"","visible":true,"width":64,"x":64,"y":896},{"gid":17,"height":64,"id":5,"name":"","rotation":0,"type":"","visible":true,"width":64,"x":64,"y":768},{"gid":19,"height":64,"id":9,"name":"","rotation":0,"type":"","visible":true,"width":64,"x":1136,"y":192},{"gid":18,"height":64,"id":10,"name":"","rotation":0,"type":"","visible":true,"width":64,"x":1024,"y":192},{"gid":21,"height":64,"id":12,"name":"","rotation":0,"type":"","visible":true,"width":64,"x":720,"y":496},{"gid":21,"height":64,"id":13,"name":"","rotation":0,"type":"","visible":true,"width":64,"x":728,"y":176},{"gid":21,"height":64,"id":14,"name":"","rotation":0,"type":"","visible":true,"width":64,"x":40,"y":216},{"gid":20,"height":64,"id":15,"name":"","rotation":0,"type":"","visible":true,"width":64,"x":338,"y":112},{"gid":20,"height":64,"id":16,"name":"","rotation":0,"type":"","visible":true,"width":64,"x":208,"y":456},{"gid":20,"height":64,"id":17,"name":"","rotation":0,"type":"","visible":true,"width":64,"x":624,"y":880},{"gid":21,"height":64,"id":18,"name":"","rotation":0,"type":"","visible":true,"width":64,"x":880,"y":878}],"opacity":1,"type":"objectgroup","visible":true,"x":0,"y":0},{"draworder":"topdown","name":"Objects","objects":[{"gid":24,"height":64,"id":20,"name":"","properties":{"group":5},"propertytypes":{"group":"int"},"rotation":0,"type":"","visible":true,"width":64,"x":960,"y":384},{"gid":24,"height":64,"id":22,"name":"","properties":{"group":5},"propertytypes":{"group":"int"},"rotation":0,"type":"","visible":true,"width":64,"x":320,"y":512},{"gid":26,"height":64,"id":25,"name":"","properties":{"group":4},"propertytypes":{"group":"int"},"rotation":0,"type":"","visible":true,"width":64,"x":272,"y":672},{"height":32,"id":30,"name":"","properties":{"dx":0,"dy":-3,"group":5},"propertytypes":{"dx":"int","dy":"int","group":"int"},"rotation":0,"type":"platform","visible":true,"width":128,"x":1088,"y":384},{"gid":28,"height":64,"id":32,"name":"","rotation":0,"type":"","visible":true,"width":64,"x":704,"y":288},{"height":32,"id":33,"name":"","properties":{"dx":0,"dy":-3,"group":4},"propertytypes":{"dx":"int","dy":"int","group":"int"},"rotation":0,"type":"platform","visible":true,"width":128,"x":32,"y":480}],"opacity":1,"type":"objectgroup","visible":true,"x":0,"y":0}],"nextobjectid":130,"orientation":"orthogonal","renderorder":"right-down","tiledversion":"1.1.3","tileheight":32,"tilesets":[{"firstgid":1,"source":"../../../assets/tilemaps/tilesets/Ground.json"},{"firstgid":16,"source":"../../../assets/tilemaps/tilesets/Chars.json"},{"firstgid":24,"source":"../../../assets/tilemaps/tilesets/Objects.json"}],"tilewidth":32,"type":"map","version":1,"width":39}